<?xml version="1.0" encoding="UTF-8"?>
<project-private xmlns="http://www.netbeans.org/ns/project-private/1">
    <editor-bookmarks xmlns="http://www.netbeans.org/ns/editor-bookmarks/2" lastBookmarkId="0"/>
    <open-files xmlns="http://www.netbeans.org/ns/projectui-open-files/2">
        <group>
            <file>file:/C:/Users/Lenovo/Desktop/ExempluInterfataProlog/sistem_expert/src/exempluinterfataprolog/Fereastra.java</file>
            <file>file:/C:/Users/Lenovo/Desktop/ExempluInterfataProlog/sistem_expert/src/exempluinterfataprolog/Intrebare_intrebatoare.java</file>
            <file>file:/C:/Users/Lenovo/Desktop/ExempluInterfataProlog/sistem_expert/src/exempluinterfataprolog/ConexiuneProlog.java</file>
            <file>file:/C:/Users/Lenovo/Desktop/ExempluInterfataProlog/sistem_expert/src/exempluinterfataprolog/ExempluInterfataProlog.java</file>
            <file>file:/C:/Users/Lenovo/Desktop/ExempluInterfataProlog/sistem_expert/src/exempluinterfataprolog/Solutie.java</file>
            <file>file:/C:/Users/Lenovo/Desktop/ExempluInterfataProlog/sistem_expert/src/exempluinterfataprolog/ExpeditorMesaje.java</file>
            <file>file:/C:/Users/Lenovo/Desktop/ExempluInterfataProlog/sistem_expert/src/exempluinterfataprolog/FereastraMea.java</file>
            <file>file:/C:/Users/Lenovo/Desktop/ExempluInterfataProlog/sistem_expert/src/exempluinterfataprolog/TextBubbleBorder.java</file>
            <file>file:/C:/Users/Lenovo/Desktop/ExempluInterfataProlog/sistem_expert/src/exempluinterfataprolog/CititorMesaje.java</file>
            <file>file:/C:/Users/Lenovo/Desktop/ExempluInterfataProlog/sistem_expert/src/exempluinterfataprolog/expertus_mic_mic.png</file>
        </group>
    </open-files>
</project-private>
